--Colegio
INSERT INTO COLEGIO(id,nombre)VALUES(1,'El colegio del olimpo');

--Profesores
INSERT INTO PROFESOR(id,nombre)VALUES(1,'Némesis');
INSERT INTO PROFESOR(id,nombre)VALUES(2,'Príapo');
INSERT INTO PROFESOR(id,nombre)VALUES(3,'Irís');

--Estudiantes
INSERT INTO ESTUDIANTE(id,nombre)VALUES(1,'Afrodita');
INSERT INTO ESTUDIANTE(id,nombre)VALUES(2,'Apolo');
INSERT INTO ESTUDIANTE(id,nombre)VALUES(3,'Ares');
INSERT INTO ESTUDIANTE(id,nombre)VALUES(4,'Artemisa');
INSERT INTO ESTUDIANTE(id,nombre)VALUES(5,'Atenea');
INSERT INTO ESTUDIANTE(id,nombre)VALUES(6,'Dionisio');
INSERT INTO ESTUDIANTE(id,nombre)VALUES(7,'Hefesto');
INSERT INTO ESTUDIANTE(id,nombre)VALUES(8,'Hera');
INSERT INTO ESTUDIANTE(id,nombre)VALUES(9,'Hermes');
INSERT INTO ESTUDIANTE(id,nombre)VALUES(10,'Hades');
INSERT INTO ESTUDIANTE(id,nombre)VALUES(11,'Poseidón');
INSERT INTO ESTUDIANTE(id,nombre)VALUES(12,'Zeus');

--Asignaturas
INSERT INTO ASIGNATURA(id,nombre,id_profesor)VALUES(1,'Matemáticas',1);
INSERT INTO ASIGNATURA(id,nombre,id_profesor)VALUES(2,'Español',2);
INSERT INTO ASIGNATURA(id,nombre,id_profesor)VALUES(3,'Ingles básico',3);
INSERT INTO ASIGNATURA(id,nombre,id_profesor)VALUES(4,'Ingles avanzado',3);
INSERT INTO ASIGNATURA(id,nombre,id_profesor)VALUES(5,'Pre Icfes',1);

--Asignatura estudiante
INSERT INTO ASIGNATURA_ESTUDIANTE(ID_ASIGNATURA,ID_ESTUDIANTE)VALUES(1,1);
INSERT INTO ASIGNATURA_ESTUDIANTE(ID_ASIGNATURA,ID_ESTUDIANTE)VALUES(1,2);
INSERT INTO ASIGNATURA_ESTUDIANTE(ID_ASIGNATURA,ID_ESTUDIANTE)VALUES(1,3);
INSERT INTO ASIGNATURA_ESTUDIANTE(ID_ASIGNATURA,ID_ESTUDIANTE)VALUES(2,1);
INSERT INTO ASIGNATURA_ESTUDIANTE(ID_ASIGNATURA,ID_ESTUDIANTE)VALUES(2,2);
INSERT INTO ASIGNATURA_ESTUDIANTE(ID_ASIGNATURA,ID_ESTUDIANTE)VALUES(2,3);
INSERT INTO ASIGNATURA_ESTUDIANTE(ID_ASIGNATURA,ID_ESTUDIANTE)VALUES(3,1);
INSERT INTO ASIGNATURA_ESTUDIANTE(ID_ASIGNATURA,ID_ESTUDIANTE)VALUES(3,2);
INSERT INTO ASIGNATURA_ESTUDIANTE(ID_ASIGNATURA,ID_ESTUDIANTE)VALUES(3,3);
INSERT INTO ASIGNATURA_ESTUDIANTE(ID_ASIGNATURA,ID_ESTUDIANTE)VALUES(1,4);
INSERT INTO ASIGNATURA_ESTUDIANTE(ID_ASIGNATURA,ID_ESTUDIANTE)VALUES(1,5);
INSERT INTO ASIGNATURA_ESTUDIANTE(ID_ASIGNATURA,ID_ESTUDIANTE)VALUES(1,6);

INSERT INTO ASIGNATURA_ESTUDIANTE(ID_ASIGNATURA,ID_ESTUDIANTE)VALUES(2,4);
INSERT INTO ASIGNATURA_ESTUDIANTE(ID_ASIGNATURA,ID_ESTUDIANTE)VALUES(2,5);
INSERT INTO ASIGNATURA_ESTUDIANTE(ID_ASIGNATURA,ID_ESTUDIANTE)VALUES(2,6);

INSERT INTO ASIGNATURA_ESTUDIANTE(ID_ASIGNATURA,ID_ESTUDIANTE)VALUES(4,4);
INSERT INTO ASIGNATURA_ESTUDIANTE(ID_ASIGNATURA,ID_ESTUDIANTE)VALUES(4,5);
INSERT INTO ASIGNATURA_ESTUDIANTE(ID_ASIGNATURA,ID_ESTUDIANTE)VALUES(4,6);

INSERT INTO ASIGNATURA_ESTUDIANTE(ID_ASIGNATURA,ID_ESTUDIANTE)VALUES(1,7);
INSERT INTO ASIGNATURA_ESTUDIANTE(ID_ASIGNATURA,ID_ESTUDIANTE)VALUES(1,8);

INSERT INTO ASIGNATURA_ESTUDIANTE(ID_ASIGNATURA,ID_ESTUDIANTE)VALUES(5,7);
INSERT INTO ASIGNATURA_ESTUDIANTE(ID_ASIGNATURA,ID_ESTUDIANTE)VALUES(5,8);

INSERT INTO ASIGNATURA_ESTUDIANTE(ID_ASIGNATURA,ID_ESTUDIANTE)VALUES(1,9);
INSERT INTO ASIGNATURA_ESTUDIANTE(ID_ASIGNATURA,ID_ESTUDIANTE)VALUES(1,10);
INSERT INTO ASIGNATURA_ESTUDIANTE(ID_ASIGNATURA,ID_ESTUDIANTE)VALUES(1,11);
INSERT INTO ASIGNATURA_ESTUDIANTE(ID_ASIGNATURA,ID_ESTUDIANTE)VALUES(1,12);

INSERT INTO ASIGNATURA_ESTUDIANTE(ID_ASIGNATURA,ID_ESTUDIANTE)VALUES(5,9);
INSERT INTO ASIGNATURA_ESTUDIANTE(ID_ASIGNATURA,ID_ESTUDIANTE)VALUES(5,10);
INSERT INTO ASIGNATURA_ESTUDIANTE(ID_ASIGNATURA,ID_ESTUDIANTE)VALUES(5,11);
INSERT INTO ASIGNATURA_ESTUDIANTE(ID_ASIGNATURA,ID_ESTUDIANTE)VALUES(5,12);

--cursos
INSERT INTO CURSO(id,grado,salon,id_colegio)VALUES(1,10,'A',1);
INSERT INTO CURSO(id,grado,salon,id_colegio)VALUES(2,10,'B',1);
INSERT INTO CURSO(id,grado,salon,id_colegio)VALUES(3,11,'A',1);
INSERT INTO CURSO(id,grado,salon,id_colegio)VALUES(4,11,'B',1);

--asignatura_curso
INSERT INTO ASIGNATURA_CURSO(id_asignatura,id_curso)VALUES(1,1);
INSERT INTO ASIGNATURA_CURSO(id_asignatura,id_curso)VALUES(2,1);
INSERT INTO ASIGNATURA_CURSO(id_asignatura,id_curso)VALUES(3,1);

INSERT INTO ASIGNATURA_CURSO(id_asignatura,id_curso)VALUES(1,2);
INSERT INTO ASIGNATURA_CURSO(id_asignatura,id_curso)VALUES(2,2);
INSERT INTO ASIGNATURA_CURSO(id_asignatura,id_curso)VALUES(4,2);


INSERT INTO ASIGNATURA_CURSO(id_asignatura,id_curso)VALUES(1,3);
INSERT INTO ASIGNATURA_CURSO(id_asignatura,id_curso)VALUES(1,3);


INSERT INTO ASIGNATURA_CURSO(id_asignatura,id_curso)VALUES(5,3);
INSERT INTO ASIGNATURA_CURSO(id_asignatura,id_curso)VALUES(5,3);

INSERT INTO ASIGNATURA_CURSO(id_asignatura,id_curso)VALUES(1,4);
INSERT INTO ASIGNATURA_CURSO(id_asignatura,id_curso)VALUES(1,4);

INSERT INTO ASIGNATURA_CURSO(id_asignatura,id_curso)VALUES(5,4);
INSERT INTO ASIGNATURA_CURSO(id_asignatura,id_curso)VALUES(5,4);

